Provinsi,Kota/Kabupaten,Kecamatan,Kelurahan
DKI Jakarta,Jakarta Utara,Cilincing,Cilincing
,,,Kalibaru
,,,Marunda
,,,Rorotan
,,,Semper Barat
,,,Semper Timur
,,,Sukapura
,,Kelapa Gading,Kelapa Gading Barat
,,,Kelapa Gading Timur
,,,Pegangsaan Dua
,,Koja,Koja
,,,Lagoa
,,,Rawa Badak Selatan
,,,Rawa Badak Utara
,,,Tugu Selatan
,,,Tugu Utara
,,Pademangan,Ancol
,,,Pademangan Barat
,,,Pademangan Timur
,,Penjaringan,Kamal Muara
,,,Kapuk Muara
,,,Pejagalan
,,,Penjaringan
,,,Pluit
,,Tanjung Priok,Kebon Bawang
,,,Papanggo
,,,Sungai Bambu
,,,Sunter Agung
,,,Sunter Jaya
,,,Tanjung Priok
,,,Warakas
,Jakarta Pusat,Cempaka Putih,Cempaka Putih Barat
,,,Cempaka Putih Timur
,,,Rawasari
,,Gambir,Cideng
,,,Duri Pulo
,,,Gambir
,,,Kebon Kelapa
,,,Petojo Selatan
,,,Petojo Utara
,,Johar Baru,Galur
,,,Johar Baru
,,,Kampung Rawa
,,,Tanah Tinggi
,,Kemayoran,Cempaka Baru
,,,Gunung Sahari Selatan
,,,Harapan Mulya
,,,Kebon Kosong
,,,Kemayoran
,,,Serdang
,,,Sumur Batu
,,,Utan Panjang
,,Menteng,Cikini
,,,Gondangdia
,,,Kebon Sirih
,,,Menteng
,,,Pegangsaan
,,Sawah Besar,Gunung Sahari Utara
,,,Karang Anyar
,,,Kartini
,,,Mangga Dua Selatan
,,,Pasar Baru
,,Senen,Bungur
,,,Kenari
,,,Kramat
,,,Kwitang
,,,Paseban
,,,Senen
,,Tanah Abang,Bendungan Hilir
,,,Gelora
,,,Kampung Bali
,,,Karet Tengsin
,,,Kebon Kacang
,,,Kebon Melati
,,,Petamburan
,Jakarta Timur,Cakung,Cakung Barat
,,,Cakung Timur
,,,Jatinegara
,,,Penggilingan
,,,Pulo Gebang
,,,Rawa Terate
,,,Ujung Menteng
,,Cipayung,Bambu Apus
,,,Ceger
,,,Cilangkap
,,,Cipayung
,,,Lubang Buaya
,,,Munjul
,,,Pondok Ranggon
,,,Setu
,,Ciracas,Cibubur
,,,Ciracas
,,,Kelapa Dua Wetan
,,,Rambutan
,,,Susukan
,,Duren Sawit,Duren Sawit
,,,Klender
,,,Malaka Jaya
,,,Malaka Sari
,,,Pondok Bambu
,,,Pondok Kelapa
,,,Pondok Kopi
,,Jatinegara,Bali Mester
,,,Bidara Cina
,,,Cipinang Besar Selatan
,,,Cipinang Besar Utara
,,,Cipinang Cempedak
,,,Cipinang Muara
,,,Kampung Melayu
,,,Rawa Bunga
,,Kramat Jati,Balekambang
,,,Batu Ampar
,,,Cawang
,,,Cililitan
,,,Dukuh
,,,Kramat Jati
,,,Tengah
,,Makasar,Cipinang Melayu
,,,Halim Perdana Kusuma
,,,Kebon Pala
,,,Makasar
,,,Pinang Ranti
,,Matraman,Kayu Manis
,,,Kebon Manggis
,,,Pal Meriam
,,,Pisangan Baru
,,,Utan Kayu Selatan
,,,Utan Kayu Utara
,,Pasar Rebo,Baru
,,,Cijantung
,,,Gedong
,,,Kalisari
,,,Pekayon
,,Pulo Gadung,Cipinang
,,,Jati
,,,Jatinegara Kaum
,,,Kayu Putih
,,,Pisangan Timur
,,,Pulo Gadung
,,,Rawamangun
,Jakarta Selatan,Cilandak,Cilandak Barat
,,,Cipete Selatan
,,,Gandaria Selatan
,,,Lebak Bulus
,,,Pondok Labu
,,Jagakarsa,Ciganjur
,,,Cipedak
,,,Jagakarsa
,,,Lenteng Agung
,,,Srengseng Sawah
,,,Tanjung Barat
,,Kebayoran Baru,Cipete Utara
,,,Gandaria Utara
,,,Gunung
,,,Kramat Pela
,,,Melawai
,,,Petogogan
,,,Pulo
,,,Rawa Barat
,,,Selong
,,,Senayan
,,Kebayoran Lama,Cipulir
,,,Grogol Selatan
,,,Grogol Utara
,,,Kebayoran Lama Selatan
,,,Kebayoran Lama Utara
,,,Pondok Pinang
,,Mampang Prapatan,Bangka
,,,Kuningan Barat
,,,Mampang Prapatan
,,,Pela Mampang
,,,Tegal Parang
,,Pancoran,Cikoko
,,,Duren Tiga
,,,Kalibata
,,,Pancoran
,,,Pengadegan
,,,Rawajati
,,Pasar Minggu,Cilandak Timur
,,,Jati Padang
,,,Kebagusan
,,,Pasar Minggu
,,,Pejaten Barat
,,,Pejaten Timur
,,,Ragunan
,,Pesanggrahan,Bintaro
,,,Pesanggrahan
,,,Petukangan Selatan
,,,Petukangan Utara
,,,Ulujami
,,Setiabudi,Guntur
,,,Karet Kuningan
,,,Karet Semanggi
,,,Karet
,,,Kuningan Timur
,,,Menteng Atas
,,,Pasar Manggis
,,,Setiabudi
,,Tebet,Bukit Duri
,,,Kebon Baru
,,,Manggarai Selatan
,,,Manggarai
,,,Menteng Dalam
,,,Tebet Barat
,,,Tebet Timur
,Jakarta Barat,Cengkareng,Cengkareng Barat
,,,Cengkareng Timur
,,,Duri Kosambi
,,,Kapuk
,,,Kedaung Kali Angke
,,,Rawa Buaya
,,Grogol Petamburan,Grogol
,,,Jelambar Baru
,,,Jelambar
,,,Tanjung Duren Selatan
,,,Tanjung Duren Utara
,,,Tomang
,,,Wijaya Kusuma
,,Taman Sari,Glodok
,,,Keagungan
,,,Krukut
,,,Mangga Besar
,,,Maphar
,,,Pinangsia
,,,Taman Sari
,,,Tangki
,,Tambora,Angke
,,,Duri Selatan
,,,Duri Utara
,,,Jembatan Besi
,,,Jembatan Lima
,,,Kali Anyar
,,,Krendang
,,,Pekojan
,,,Roa Malaka
,,,Tambora
,,,Tanah Sereal
,,Kebon Jeruk,Duri Kepa
,,,Kebon Jeruk
,,,Kedoya Selatan
,,,Kedoya Utara
,,,Kelapa Dua
,,,Sukabumi Selatan
,,,Sukabumi Utara
,,Kalideres,Kalideres
,,,Kamal
,,,Pegadungan
,,,Semanan
,,,Tegal Alur
,,Palmerah,Jatipulo
,,,Kemanggisan
,,,Kota Bambu Selatan
,,,Kota Bambu Utara
,,,Palmerah
,,,Slipi
,,Kembangan,Joglo
,,,Kembangan Selatan
,,,Kembangan Utara
,,,Meruya Selatan
,,,Meruya Utara
,,,Srengseng
,Kepulauan Seribu,Kep. Seribu Utara,Pulau Harapan
,,,Pulau Kelapa
,,,Pulau Panggang
,,Kep. Seribu Selatan,Pulau Pari
,,,Pulau Tidung
,,,Pulau Untung Jawa